label,y1,y2,x1,x2,
3,0.0,2.0,0.41642981507343224,1.7900318671910804,
9,2.0,2.0,2.1563445485573784,3.408350469316084,
2,0.0,1.0,-1.0151691122428903,1.4134914700573964,
8,2.0,1.0,3.5111820550028687,1.705622682773221,
3,0.0,2.0,-1.0350612647624176,2.3862512681854073,
9,2.0,2.0,3.1048537070341817,2.246269055612798,
7,2.0,0.0,2.472913303855225,0.6267115191639341,
9,2.0,2.0,4.034400468083078,2.009433883219436,
3,0.0,2.0,-0.012614313877595595,1.85254456679532,
9,2.0,2.0,4.860531623847772,3.567947074140798,
3,0.0,2.0,-0.25682691135740354,3.694250522807943,
3,0.0,2.0,0.39291776147039115,3.172907733638133,
7,2.0,0.0,2.829744224155568,0.8450613610118403,
9,2.0,2.0,2.817461397494279,5.359230622830749,
1,0.0,0.0,-0.7719153527575839,-0.6519590689335493,
9,2.0,2.0,3.3941296598794057,1.7192463570826944,
6,1.0,2.0,0.38849721519302394,6.105704158377388,
6,1.0,2.0,2.0454401725317375,2.605343635004062,
7,2.0,0.0,1.381304680511819,-0.013652310339978602,
1,0.0,0.0,1.0456614040193246,-1.1284241502683274,
7,2.0,0.0,1.4467420903499946,-0.2537365991020657,
9,2.0,2.0,3.013323533889217,2.3111856034620883,
3,0.0,2.0,-1.267336840867178,3.6307631602628208,
3,0.0,2.0,0.23435047064879666,3.689230247162606,
3,0.0,2.0,-0.006206275502188774,2.193683756888713,
9,2.0,2.0,4.040099710496483,3.303426390182715,
8,2.0,1.0,1.771046037583796,1.5811355718879236,
7,2.0,0.0,2.526186966297593,0.19878632223039228,
6,1.0,2.0,0.9407462605069179,4.157435567567008,
9,2.0,2.0,3.2208670760739064,2.7834593262882286,
9,2.0,2.0,4.038931137677127,2.1267735017855283,
9,2.0,2.0,3.80044303974915,2.1887684511051457,
2,0.0,1.0,0.3591234705603281,0.6419533476005668,
8,2.0,1.0,4.04073537764977,1.4271807405804784,
3,0.0,2.0,-0.40046504640805214,3.346167979297011,
9,2.0,2.0,1.837720374736612,2.755241975640348,
9,2.0,2.0,5.178693528406292,2.0832838010869423,
7,2.0,0.0,4.3218063050535545,1.2420638113515658,
9,2.0,2.0,2.1740143775207894,3.676747336129176,
7,2.0,0.0,3.401509893361789,-1.6379850065602533,
9,2.0,2.0,4.960612639547289,4.397458430589689,
8,2.0,1.0,1.522500128406377,2.132995228952088,
4,1.0,0.0,0.727633613273972,-0.5081946938060429,
5,1.0,1.0,0.9990333437377834,-0.2250403921084927,
3,0.0,2.0,-0.7248498254600242,1.1252144847924328,
9,2.0,2.0,2.3759266767758014,3.908151336660457,
7,2.0,0.0,1.1453693560179288,0.19027615542077103,
7,2.0,0.0,3.11526047395075,-0.06857248341241062,
8,2.0,1.0,1.4487570723361627,2.1497487402396,
7,2.0,0.0,1.5945464400199756,-1.57556893193544,
1,0.0,0.0,-3.4191694454008337,-0.803461653330042,
4,1.0,0.0,0.8326249311650824,-1.3358028229143297,
4,1.0,0.0,0.6803819624597132,0.1067788703175585,
7,2.0,0.0,3.5924905439208867,-1.9266476127433392,
3,0.0,2.0,0.346137148395415,1.5065264402492011,
1,0.0,0.0,-2.8596990298818197,-0.8689325548431799,
7,2.0,0.0,4.813271954391556,-0.07432555545927899,
9,2.0,2.0,3.2414726396177307,4.325634750026548,
7,2.0,0.0,3.0206413406778387,0.8190412895373322,
1,0.0,0.0,-0.8428192746379928,-0.2596618993023734,
7,2.0,0.0,2.9900260409457764,0.8217045847195759,
8,2.0,1.0,3.741258294429544,1.672502350531743,
2,0.0,1.0,-0.8588167114669294,0.28424416012996345,
7,2.0,0.0,5.564739373785047,0.07052425761139691,
3,0.0,2.0,0.9288101706370464,4.017125387057666,
9,2.0,2.0,2.549070152752436,3.077879860707328,
7,2.0,0.0,5.473253591280356,0.7474138371717545,
7,2.0,0.0,4.598044055968057,-1.2758498111203411,
9,2.0,2.0,2.0994852609568055,3.6367820789001595,
9,2.0,2.0,3.1012751069435787,4.045099185243968,
7,2.0,0.0,2.796732735546522,-0.4198765831808364,
2,0.0,1.0,0.5180883898113184,0.2312888247870415,
9,2.0,2.0,5.018522003794948,2.2976409491753467,
8,2.0,1.0,3.2663026326216844,1.3865593940593128,
7,2.0,0.0,2.002350934054764,0.03969079308583501,
8,2.0,1.0,1.9688766144188627,1.5505081308313833,
7,2.0,0.0,4.932428364789888,0.8115327008699631,
9,2.0,2.0,3.0675325579989883,4.9867095135559305,
6,1.0,2.0,1.3674058007816559,4.603863214806594,
2,0.0,1.0,-0.3591926388580604,0.6746480220909838,
3,0.0,2.0,-1.4113823137190642,1.8471573307023037,
3,0.0,2.0,0.6212742595272025,2.1708935954621333,
9,2.0,2.0,1.0690460590767263,5.331205554501998,
9,2.0,2.0,2.523786275102507,1.8850951666583442,
3,0.0,2.0,-1.1129303119203127,4.07445782142034,
2,0.0,1.0,-1.909586115524509,0.14894676960115039,
6,1.0,2.0,2.029173805822138,5.698392894221305,
9,2.0,2.0,2.6646347670615573,5.980157564241809,
7,2.0,0.0,3.599633397836162,-0.579606912067463,
9,2.0,2.0,2.923810406118707,2.796400127018908,
7,2.0,0.0,1.9714266028972622,-0.862166677325821,
7,2.0,0.0,1.7806115204648105,-0.10021116730106439,
3,0.0,2.0,0.8651724514567978,1.3567349229531311,
9,2.0,2.0,1.9055087408561433,2.0397385436149933,
1,0.0,0.0,0.3005421142366973,-0.5423200140691997,
3,0.0,2.0,0.7142356696310461,3.8261530459269153,
3,0.0,2.0,1.1889160095747249,2.3267680122386487,
7,2.0,0.0,1.399417620330985,-2.5570847125695053,
3,0.0,2.0,0.5498259234053007,4.242928909959314,
9,2.0,2.0,4.520880785857029,3.3032110940769854,
8,2.0,1.0,3.807034035676768,1.6066100119113402,
3,0.0,2.0,-1.7857654856990677,3.938711885598221,
9,2.0,2.0,2.5812333023801886,5.114979480449096,
3,0.0,2.0,0.31511971190093635,3.001314965006414,
6,1.0,2.0,1.624716842982637,4.396671959065298,
9,2.0,2.0,2.9240670852200927,2.975625360325159,
9,2.0,2.0,5.8744678379965745,2.937152114998343,
3,0.0,2.0,0.6524971231441505,2.8922084548748868,
3,0.0,2.0,-1.8231292876043712,2.816022345441981,
9,2.0,2.0,1.560021598299644,6.578167741740042,
3,0.0,2.0,-0.5963282982486096,3.7348858800528966,
6,1.0,2.0,1.4115816767882627,4.216058188187853,
9,2.0,2.0,1.6093025210729472,5.088694211045659,
7,2.0,0.0,1.1063003285942052,-0.7495172730854271,
3,0.0,2.0,0.5473986487250013,3.9858953782961715,
7,2.0,0.0,2.393945037786869,-0.8829991742422703,
3,0.0,2.0,1.2960324779853645,5.31297413933906,
9,2.0,2.0,2.606130117774341,6.313124199208778,
9,2.0,2.0,2.134074493698302,1.890103621962516,
4,1.0,0.0,0.8748521575935695,-0.16478166542436457,
3,0.0,2.0,-0.04854710174827437,4.37994719612861,
8,2.0,1.0,1.8047600453812689,0.352851391431078,
7,2.0,0.0,2.8422686851605086,1.1277860812491198,
9,2.0,2.0,2.8161718471730084,5.417819630503503,
3,0.0,2.0,0.8276931523921589,4.020693650755954,
9,2.0,2.0,2.8703951138781996,2.394196577491327,
2,0.0,1.0,0.7893086143022385,0.5613736629095987,
9,2.0,2.0,3.948375350536724,2.770594890549958,
3,0.0,2.0,-0.5489747615959493,1.8508211040056248,
7,2.0,0.0,1.469354818670637,0.9511610356614064,
9,2.0,2.0,3.237765845606826,3.7876622123139887,
3,0.0,2.0,-0.05748385819117274,3.231470614672417,
7,2.0,0.0,3.722472291793296,-0.5482749423037059,
7,2.0,0.0,1.5000862836673978,0.15570497608897482,
3,0.0,2.0,0.44618198673330456,3.6030599348027907,
7,2.0,0.0,4.08905330146453,0.48880624259945127,
2,0.0,1.0,0.012324748172111155,0.14254147116795024,
1,0.0,0.0,0.2691965867018684,-1.4657776788243848,
9,2.0,2.0,2.2840260032405073,3.3472339280451546,
9,2.0,2.0,4.473839124806192,3.2593485435689695,
8,2.0,1.0,6.99619093029558,0.8895453672422928,
2,0.0,1.0,0.06879711412116829,0.08847593583526425,
7,2.0,0.0,1.084333939109411,0.8475998218323499,
7,2.0,0.0,0.8272457654701304,-0.007194604552227979,
3,0.0,2.0,-0.6444256502794552,0.5911993250777767,
9,2.0,2.0,2.1328488505839145,4.03555913396835,
9,2.0,2.0,2.2554418220447086,5.14903596872597,
7,2.0,0.0,2.6718416722538834,-1.1053217808770683,
7,2.0,0.0,2.354362080045311,-0.6267460693232643,
8,2.0,1.0,2.651592179081492,1.6041803386791331,
2,0.0,1.0,-1.3371742113196659,1.0486654277395344,
7,2.0,0.0,0.5764627902037824,-1.6948009475057928,
7,2.0,0.0,3.2249315890229733,-1.1484954560710192,
7,2.0,0.0,2.865030083005102,0.6024802166695671,
7,2.0,0.0,1.9835551693429472,-0.3101139460641007,
3,0.0,2.0,-0.2885635910241642,2.256442768256003,
1,0.0,0.0,0.10457766867385976,-1.103693449827432,
7,2.0,0.0,2.036641139274857,-1.0467171194253915,
9,2.0,2.0,3.183883082324657,2.0393615925073303,
9,2.0,2.0,5.745855653984378,3.675339771773845,
7,2.0,0.0,1.2152569415129473,-1.661619012442035,
7,2.0,0.0,5.880381894949536,0.8712548936004609,
3,0.0,2.0,-1.193194393805518,5.386015415126467,
3,0.0,2.0,-0.1175616653901983,2.7652044402672913,
2,0.0,1.0,0.4563897170175386,0.4243854736007062,
7,2.0,0.0,4.183543491088363,0.6634480065180619,
8,2.0,1.0,4.488085399667415,1.246346651726697,
9,2.0,2.0,5.325913158190708,5.077408019107017,
6,1.0,2.0,1.5223628676422998,3.8548089527066454,
3,0.0,2.0,0.8174884401507783,6.01249073985531,
3,0.0,2.0,0.9790491963097065,5.523016928772999,
9,2.0,2.0,3.718382723292169,5.427663989548806,
7,2.0,0.0,1.4263825563320303,-2.7635012190673773,
7,2.0,0.0,3.6444151491722203,0.9175979829735879,
9,2.0,2.0,5.008823935060531,2.0505589769273516,
7,2.0,0.0,0.9260493496947746,-0.04344260203185524,
6,1.0,2.0,1.8699687543221448,2.4893371911461895,
8,2.0,1.0,4.3248392290542625,1.0366764858011766,
1,0.0,0.0,-0.24594144311877653,-0.6687760465997714,
3,0.0,2.0,-0.5643722757927323,3.29173319086592,
7,2.0,0.0,3.0620070524206,-0.9908184014404768,
9,2.0,2.0,2.957977744666203,2.67022758088754,
3,0.0,2.0,-0.5870492530899458,4.3692419218781655,
9,2.0,2.0,2.410992165387443,3.07862242482068,
7,2.0,0.0,1.0245200973614286,-0.34478028737456734,
2,0.0,1.0,-0.13440825526994127,0.3400696665059948,
8,2.0,1.0,4.135443618386745,1.740041979499396,
9,2.0,2.0,2.8858716091186594,5.019571108138815,
9,2.0,2.0,1.7880205336312376,2.3729802697146654,
9,2.0,2.0,4.391833454516634,2.910980878220232,
9,2.0,2.0,5.408961788514098,2.509495282769446,
3,0.0,2.0,1.6556321702517969,2.8754144391409135,
9,2.0,2.0,3.8732641027237777,4.044419401852789,
7,2.0,0.0,1.9628570546962698,0.12106614145027383,
3,0.0,2.0,-0.1265928731214898,4.245664700986643,
7,2.0,0.0,2.17373976915119,0.6112724490951298,
3,0.0,2.0,-0.6131803581114625,3.7709763120336577,
7,2.0,0.0,2.252460121923815,0.36254510364936055,
9,2.0,2.0,2.081249676852972,2.293031034471534,
1,0.0,0.0,-0.08755050759277738,-2.5023810394030486,
9,2.0,2.0,3.1716886464434277,4.133051109573043,
6,1.0,2.0,2.033036042102148,3.0392392189106747,
9,2.0,2.0,2.5416661594477126,3.7612258587885647,
9,2.0,2.0,3.4569059155335173,2.736680730222373,
9,2.0,2.0,2.8774528772349037,2.194821527029166,
7,2.0,0.0,2.1591668470379077,-0.9259399478274326,
9,2.0,2.0,4.027572339258437,2.149812375418249,
7,2.0,0.0,1.5610067366458913,0.8686289582015834,
6,1.0,2.0,1.0503201226328442,3.553870878016371,
9,2.0,2.0,3.373462727064825,2.162655198416369,
7,2.0,0.0,3.434296780717872,0.856892506170172,
2,0.0,1.0,0.8272772064367455,0.9027728036099489,
3,0.0,2.0,-0.019487434872332177,4.3719811420085115,
3,0.0,2.0,-0.8315795847049885,3.8867544962788596,
9,2.0,2.0,2.0879001995012203,4.479478814698883,
7,2.0,0.0,2.001912286872224,-0.4738829473708783,
3,0.0,2.0,0.2548783851914127,1.8701701386676404,
7,2.0,0.0,3.2083476203048145,0.3963191085506168,
9,2.0,2.0,3.223019538984038,2.76128315737991,
9,2.0,2.0,4.631897669257097,2.3849539841119007,
4,1.0,0.0,0.5535339049089376,-0.18221087150525994,
9,2.0,2.0,2.669662987571485,1.6514670333893637,
9,2.0,2.0,2.519834678320829,4.4511246487765215,
3,0.0,2.0,0.07330270046201859,2.5570581213801633,
9,2.0,2.0,2.8549917592645557,4.498641650626672,
9,2.0,2.0,3.3044934153785395,2.656957778038972,
6,1.0,2.0,0.7428046298408744,2.214433949455899,
9,2.0,2.0,2.174941865508637,1.9527569468113113,
4,1.0,0.0,0.8398331422468033,-3.1116986116845062,
3,0.0,2.0,0.3812796168546677,3.5454739515263753,
7,2.0,0.0,4.173887355885972,0.33078375040684427,
9,2.0,2.0,4.181877765393978,3.236961684312364,
9,2.0,2.0,3.61562158880884,4.093988000568265,
9,2.0,2.0,2.5851193656015656,3.894880865617651,
7,2.0,0.0,1.4434613562056517,-0.3026896606910032,
8,2.0,1.0,3.8977406177378766,1.8075070308950623,
7,2.0,0.0,1.441182801475188,0.9023014598946388,
7,2.0,0.0,1.328213915401537,-0.6932530774272556,
7,2.0,0.0,2.3250271951753696,-1.4265458625035903,
7,2.0,0.0,2.2799870057760714,-2.221103481421074,
9,2.0,2.0,2.7746077561378977,5.597591203639289,
9,2.0,2.0,2.4540762767654414,2.3955720651149814,
7,2.0,0.0,2.694988912983088,0.29987035502272397,
9,2.0,2.0,2.4687844282493767,5.969319757699491,
6,1.0,2.0,1.5496568670189916,2.813665596819683,
3,0.0,2.0,1.1007100809433115,1.9983334917869529,
7,2.0,0.0,1.6751397233177339,-0.09572646313704247,
9,2.0,2.0,1.8745247226955035,6.197191734820686,
7,2.0,0.0,5.137461550552821,0.03168164043638866,
8,2.0,1.0,5.191548754962694,1.0934386203916793,
9,2.0,2.0,1.8253941385810208,3.4905053352216093,
7,2.0,0.0,2.2247983102585915,1.5617980148159218,
8,2.0,1.0,2.150804500769602,-0.027062225458030387,
5,1.0,1.0,0.7580253952468614,1.382743454079606,
2,0.0,1.0,0.603357634910582,0.9784774475727807,
3,0.0,2.0,-1.338217461715864,3.1635437057337166,
9,2.0,2.0,4.042289756335933,4.142231614201287,
9,2.0,2.0,3.316211251112673,2.6728045284322732,
7,2.0,0.0,2.2568885524019953,-0.6685335729829243,
5,1.0,1.0,0.7375708169890847,1.0603159619939562,
3,0.0,2.0,0.553828619778002,1.1176395602374378,
8,2.0,1.0,2.862183485333995,1.403925687299036,
7,2.0,0.0,1.1206485040913892,0.8464632384728885,
9,2.0,2.0,1.500153675527034,2.0654676373580965,
7,2.0,0.0,2.561171063787732,-2.7867977062320657,
9,2.0,2.0,2.0244187162984306,2.29847920621451,
7,2.0,0.0,4.475493017501024,-0.19945155274144266,
3,0.0,2.0,1.2862965301822142,3.7401325673549435,
7,2.0,0.0,7.047958102415234,-0.18610982620229022,
7,2.0,0.0,1.6438212665501692,0.30546195380152996,
9,2.0,2.0,2.89340418399157,1.973611103206576,
9,2.0,2.0,2.2501182252278737,3.4003573230017032,
7,2.0,0.0,3.1278832758379504,-0.017713421421249098,
3,0.0,2.0,-0.6960372706771913,2.5752707619876505,
3,0.0,2.0,0.17964365770904012,1.7445197624692734,
7,2.0,0.0,3.353318221684101,-0.11521139955917281,
3,0.0,2.0,-1.3481171926314124,6.408071045736419,
3,0.0,2.0,0.6587951112091726,3.5488469138469716,
3,0.0,2.0,0.7963466515940825,2.705701585226122,
9,2.0,2.0,2.674757746059351,2.114568444805775,
9,2.0,2.0,1.5249302037322612,2.0001333645279002,
3,0.0,2.0,-0.38017409062686225,2.84206166567657,
4,1.0,0.0,0.8634853334962347,-1.159477210311771,
9,2.0,2.0,3.6039113372711764,2.931380687178641,
1,0.0,0.0,-0.8766492587381931,-1.8324120300942264,
6,1.0,2.0,0.8314226195614463,6.426770677359845,
2,0.0,1.0,1.479742568830776,0.915370591038839,
7,2.0,0.0,2.6416756436347555,-2.243833961620714,
9,2.0,2.0,3.1338135489976837,1.8968713894564804,
9,2.0,2.0,1.9630344564676796,3.5611939872288705,
7,2.0,0.0,1.88196623950879,0.5255267800384906,
6,1.0,2.0,0.6242918765372998,2.4574369795614284,
9,2.0,2.0,4.434235409990805,4.327884615680716,
9,2.0,2.0,3.3373285305920053,4.782863189825484,
4,1.0,0.0,0.14102880369629878,-3.058644031765149,
7,2.0,0.0,1.4924146062777803,0.8676509135855306,
7,2.0,0.0,1.7477120583680332,0.957257871065466,
6,1.0,2.0,1.3145227145795477,1.945892972795697,
3,0.0,2.0,0.5406894049068565,1.4451631267468386,
2,0.0,1.0,-2.6418637184887483,0.8322476299775274,
9,2.0,2.0,3.894475670983825,3.531344248735305,
9,2.0,2.0,3.4714951219071786,3.550377318161993,
9,2.0,2.0,2.4976255431785575,2.9132911754710853,
9,2.0,2.0,3.192544492944648,2.18815776449029,
8,2.0,1.0,3.51604908181716,1.6020092431113373,
9,2.0,2.0,2.721453553106901,5.275837864321734,
7,2.0,0.0,1.2449216871301665,0.9571131136346624,
9,2.0,2.0,4.451540355601688,2.653234007893169,
9,2.0,2.0,3.8045064189443076,4.909680262524125,
3,0.0,2.0,-1.4976600791609105,4.486319165550084,
9,2.0,2.0,4.047198693911558,1.6803635579387466,
3,0.0,2.0,-0.7638078831866135,2.4423037732047064,
8,2.0,1.0,1.3427037894904847,1.3325678824544638,
7,2.0,0.0,3.511965391689428,-0.8613459999028663,
3,0.0,2.0,0.5833054104090232,6.327767505732078,
7,2.0,0.0,1.7045572714086656,-1.1568523514921458,
6,1.0,2.0,2.484514196803367,4.077794970168446,
9,2.0,2.0,3.3001594219792443,2.867099952585422,
3,0.0,2.0,0.08970845873307542,3.7665782618885553,
7,2.0,0.0,4.128152950777208,0.5721792431356869,
3,0.0,2.0,-1.1780129587019226,4.210897611557167,
9,2.0,2.0,1.6449965581627526,4.145819358527358,
3,0.0,2.0,0.17780701054638137,3.5983434148526925,
9,2.0,2.0,5.358311382168164,6.051914203423301,
3,0.0,2.0,1.0470969836676491,1.5822389504420096,
9,2.0,2.0,2.324477507573743,2.528809388893462,
1,0.0,0.0,-1.8201548484884977,-1.2908013678961399,
9,2.0,2.0,2.281275825104184,5.9856305426445555,
9,2.0,2.0,2.6967818538223747,3.883967217820529,
9,2.0,2.0,3.747809315475684,2.5543802260090733,
7,2.0,0.0,2.6844663038899785,0.19125964187872047,
6,1.0,2.0,1.2207832952440834,3.5013437192331454,
6,1.0,2.0,1.204254078082883,2.1624558639233884,
6,1.0,2.0,1.1457795412767322,1.820153093384794,
9,2.0,2.0,2.06921332884723,3.5763359974181155,
9,2.0,2.0,3.3621451470649477,4.321226253689955,
3,0.0,2.0,-1.1383471208304736,0.731926204356447,
9,2.0,2.0,4.606483456857957,3.038714144998521,
3,0.0,2.0,1.1087440870175556,3.2158697960844993,
6,1.0,2.0,1.4283926005472867,1.7818187485408288,
3,0.0,2.0,0.21484550376182865,2.6870887898199385,
9,2.0,2.0,3.2543990967388874,1.7116372880808888,
3,0.0,2.0,0.17215660317318626,1.046684229112166,
7,2.0,0.0,4.1291518650002645,0.22016906154579607,
9,2.0,2.0,3.5325636107781095,2.375985441021868,
7,2.0,0.0,4.257299572150252,1.2301025421229208,
9,2.0,2.0,3.216639989228173,2.4755246976121916,
7,2.0,0.0,1.5767478800171864,1.075074458979112,
3,0.0,2.0,0.9035654609531092,2.715373728458993,
7,2.0,0.0,3.6853734812930767,-3.176784260772423,
4,1.0,0.0,0.9447444000264815,-0.5235439462277909,
6,1.0,2.0,1.420429595598331,2.175564526891009,
6,1.0,2.0,1.6895596336224412,5.621750377907652,
6,1.0,2.0,1.1220784563601793,2.4575461797007603,
1,0.0,0.0,-2.558358815847453,-2.3280310283825445,
3,0.0,2.0,1.2500661483120883,3.8861439230845463,
6,1.0,2.0,0.42659629646112385,4.461638552406672,
3,0.0,2.0,-0.30190708927580845,1.0612127825341868,
3,0.0,2.0,0.8812039454296594,3.0039008394825837,
7,2.0,0.0,5.699013297047635,-0.48789448159145765,
3,0.0,2.0,-1.8398212724906138,1.5040440787241744,
9,2.0,2.0,4.087757858851251,4.041325244002313,
9,2.0,2.0,3.928049674990305,4.296431857948056,
9,2.0,2.0,4.615811008419999,4.560593997032639,
7,2.0,0.0,2.2607660495680264,-0.7169820669721525,
6,1.0,2.0,1.4814284959460773,1.6971463587903548,
9,2.0,2.0,3.807382800625793,3.1236005153820687,
7,2.0,0.0,2.4118439688205804,-0.7360106591744073,
7,2.0,0.0,4.165473543354398,0.47972221196998555,
3,0.0,2.0,-0.34570629768332806,6.029690678678976,
3,0.0,2.0,-0.04850968312416892,5.7094829521812205,
9,2.0,2.0,4.111495153022224,4.513337194171173,
9,2.0,2.0,2.3996842814000137,2.9214804777486703,
9,2.0,2.0,3.2421889797271684,1.935300047285174,
4,1.0,0.0,0.35653634232744724,-0.8474919991699523,
9,2.0,2.0,3.377281427064041,1.9051894668648626,
3,0.0,2.0,0.4147720533127359,1.1042518289720418,
8,2.0,1.0,1.4691184595103652,1.6969560994533914,
9,2.0,2.0,3.8884801287397224,3.461175367341947,
3,0.0,2.0,0.054445035218188664,3.1398732083527063,
7,2.0,0.0,2.936431616740871,-0.8785834368772178,
8,2.0,1.0,6.625206132776205,2.0552870767154237,
7,2.0,0.0,7.068939803881989,-1.3924009395761496,
9,2.0,2.0,2.507942764259649,4.543859553810787,
7,2.0,0.0,4.1953109315288195,-0.8795192928311883,
3,0.0,2.0,0.2805098096400176,1.4439586403978597,
9,2.0,2.0,4.29003512174757,3.928450924841365,
9,2.0,2.0,2.7711961286413764,5.741662603618517,
9,2.0,2.0,4.04067034561755,5.891824697693099,
3,0.0,2.0,0.4835177805784556,2.7530469656470546,
9,2.0,2.0,4.743806910912541,2.1529202666587937,
9,2.0,2.0,5.59843485521976,3.103112413596568,
7,2.0,0.0,1.6773584705359141,-0.6984223902149971,
3,0.0,2.0,-1.6371269156744233,1.0600577960016901,
6,1.0,2.0,2.065144242281599,3.707857144223267,
7,2.0,0.0,0.7979196537106192,-0.1732655431134118,
8,2.0,1.0,2.720877787787432,1.1380306991835432,
3,0.0,2.0,-1.2629481579127653,6.8453004634106085,
9,2.0,2.0,3.336986191652354,7.847051901968222,
3,0.0,2.0,0.8638365459550419,4.71776198173625,
8,2.0,1.0,6.614947816561206,1.3051946303411914,
9,2.0,2.0,3.2306685098401386,3.4588494542113857,
3,0.0,2.0,0.9656352960112717,5.389008815644416,
9,2.0,2.0,4.887153939423513,3.736591471096235,
1,0.0,0.0,-0.4759683964562731,1.142221870030685,
2,0.0,1.0,0.8081288647973623,0.2892819255264021,
3,0.0,2.0,-0.811893190564084,3.799909276149096,
7,2.0,0.0,2.0173417087049343,1.0663213868163774,
3,0.0,2.0,1.0398456802135456,6.965930812052757,
9,2.0,2.0,1.4850576909740787,5.952265646091567,
9,2.0,2.0,2.5169156076564017,2.136553230181472,
3,0.0,2.0,0.6570486489628582,2.2066674628567755,
3,0.0,2.0,-0.9496834646013927,4.451669395477665,
9,2.0,2.0,5.333882254618241,4.0259148905572095,
3,0.0,2.0,0.9467380940933598,1.0737971313912664,
9,2.0,2.0,2.0584467430524596,2.581924387548187,
9,2.0,2.0,3.5406521968160822,1.5070352439974417,
5,1.0,1.0,1.1975058435735009,0.7805363475381975,
7,2.0,0.0,4.576779700679801,0.7888898287112776,
9,2.0,2.0,1.354425118474562,5.654412715652128,
9,2.0,2.0,3.371061122239809,3.0713610156014335,
2,0.0,1.0,-0.8162671663892334,0.7832065686900225,
1,0.0,0.0,-1.3620663378565543,-0.48184595532453844,
7,2.0,0.0,2.492677971680932,0.21879263482001776,
2,0.0,1.0,0.11048064695380377,0.5818121438137993,
3,0.0,2.0,-0.19605702923338475,3.3316018319701373,
9,2.0,2.0,2.628533655221019,3.3084589900392576,
9,2.0,2.0,5.18991652263148,4.477510278150551,
9,2.0,2.0,4.363445239617031,6.380493601528706,
9,2.0,2.0,2.252549069310817,3.0794578305163185,
1,0.0,0.0,-0.5994042490348255,-0.22439082478295447,
9,2.0,2.0,3.0541717202448555,3.424999355119952,
3,0.0,2.0,-0.6787495439358424,5.895541341197003,
6,1.0,2.0,1.661836644399005,1.8993975751575234,
9,2.0,2.0,3.7374912466555426,3.2409163351199606,
9,2.0,2.0,2.4085473064430407,3.2432447927481527,
7,2.0,0.0,2.6442931958042655,1.38290319381584,
3,0.0,2.0,0.7193511058211843,2.603313162125541,
6,1.0,2.0,1.3671089435484913,5.3209893408951245,
3,0.0,2.0,0.2667872807129148,2.0796093976640035,
9,2.0,2.0,5.6742437062540505,3.641001571933632,
7,2.0,0.0,2.754377121698594,0.758979087249479,
8,2.0,1.0,3.820951665590428,1.0326457781928742,
9,2.0,2.0,3.788861565744053,2.5155726708882,
9,2.0,2.0,2.2126937315713096,3.3519455356681744,
4,1.0,0.0,0.1756639304498877,-0.9367927887727436,
7,2.0,0.0,3.562903186358173,-0.053883853767532575,
9,2.0,2.0,3.2187350412764046,4.275457628818943,
3,0.0,2.0,0.6584744417009356,3.3287423821782394,
7,2.0,0.0,5.640480081150919,-0.8698709400929361,
9,2.0,2.0,2.3450865402110925,3.6068218262564296,
9,2.0,2.0,3.1429889194725256,5.632037383374794,
1,0.0,0.0,0.2422915300630728,-0.4896945816831164,
3,0.0,2.0,-0.08074276108316214,2.9278539616128203,
3,0.0,2.0,0.6711569699818141,3.63742039136007,
3,0.0,2.0,0.6142644570975424,1.6299549982926729,
9,2.0,2.0,4.182907185743325,4.144476171623251,
3,0.0,2.0,0.7776712427633201,2.3432961413394864,
5,1.0,1.0,1.1481487301342734,1.2117967623451724,
9,2.0,2.0,3.9155212023209716,1.959930669463375,
7,2.0,0.0,3.3606859178882758,0.24273287991320003,
3,0.0,2.0,0.7866506340527963,0.8417935276780626,
8,2.0,1.0,1.562260210432206,1.3994691455757045,
3,0.0,2.0,-0.7544905125742107,0.7158012868363113,
3,0.0,2.0,1.1810961536094382,0.6527470838418461,
9,2.0,2.0,4.70746819679065,3.6482046178689345,
9,2.0,2.0,1.652564553102255,3.5029384252148583,
9,2.0,2.0,2.8869369919892978,3.225155964664287,
8,2.0,1.0,2.222792628664014,0.9563064883836279,
3,0.0,2.0,-1.3104468688528916,1.2125017852942483,
9,2.0,2.0,2.76290693150576,3.79801840793865,
8,2.0,1.0,3.998763907350355,1.5808579491632793,
8,2.0,1.0,2.9568406844419934,1.2860393682167797,
9,2.0,2.0,6.982867120889713,2.5138896774791424,
9,2.0,2.0,3.6575770966016625,3.395029457111436,
9,2.0,2.0,4.2865005034107675,1.6194685534252367,
7,2.0,0.0,4.393512451116171,1.258767784038057,
3,0.0,2.0,0.36758343533171733,5.571181394386484,
3,0.0,2.0,-0.5209663663620194,6.020163529018012,
3,0.0,2.0,-0.9118237221521612,3.6797010526251643,
3,0.0,2.0,1.1729053149248525,4.094665259269492,
3,0.0,2.0,0.03373734754820901,1.5377110314471865,
3,0.0,2.0,-1.631674051383928,2.958863296079495,
3,0.0,2.0,-2.357858798108179,3.16812012239597,
4,1.0,0.0,0.8400980631398092,-0.33605581564650144,
9,2.0,2.0,1.5441094409403164,4.823186084244346,
9,2.0,2.0,4.255569280165711,2.235103578256369,
8,2.0,1.0,2.5399498729766106,2.6492175000029503,
9,2.0,2.0,4.221685316355235,4.370975303604134,
9,2.0,2.0,5.039244026737553,1.8233984995718948,
3,0.0,2.0,0.8103845890897432,2.066213010380022,
7,2.0,0.0,1.4877523174944858,0.06280005429515567,
2,0.0,1.0,-0.7037359557887952,1.1433261491459072,
5,1.0,1.0,2.026574225892952,1.375389914831002,
9,2.0,2.0,2.499785619469307,2.822452304572928,
8,2.0,1.0,3.800211450020754,1.5435247257519609,
3,0.0,2.0,0.3402800778703783,3.3897040738558974,
9,2.0,2.0,6.041566082843016,2.15290966383042,
9,2.0,2.0,3.606962985141508,2.385359797635198,
3,0.0,2.0,0.12696616044415543,6.493515233949089,
3,0.0,2.0,0.30133244607259857,3.9494162000916466,
4,1.0,0.0,0.9233660733725937,-0.21285903470293244,
9,2.0,2.0,4.128330848475045,4.9790689973058155,
9,2.0,2.0,2.6788926995705578,3.298917168995425,
7,2.0,0.0,3.237751199503111,-0.7574718374575196,
3,0.0,2.0,-2.6351494574155163,1.5379044265118766,
9,2.0,2.0,5.178163129540584,2.3674069940852895,
3,0.0,2.0,-1.120070082464835,0.9174668342961001,
9,2.0,2.0,2.3202276153372976,2.9940377881789733,
6,1.0,2.0,1.7657880573110263,2.870700703471091,
8,2.0,1.0,5.4481729219387995,2.008814566260481,
3,0.0,2.0,-1.0894515630103463,1.3355455859839596,
9,2.0,2.0,2.3885830375138943,3.6908975768471337,
3,0.0,2.0,-0.28024625965456007,4.308683492799877,
7,2.0,0.0,2.905128253929446,-1.9126456700940158,
7,2.0,0.0,2.035707622012969,0.7489533173915186,
7,2.0,0.0,1.8137284176786659,0.08825545546767621,
9,2.0,2.0,2.7690247195767466,3.405818446569156,
9,2.0,2.0,6.0454941757717755,4.2425263407549885,
9,2.0,2.0,2.2528971422879827,3.753370606397761,
9,2.0,2.0,1.5928201074310016,1.9390577261290878,
7,2.0,0.0,0.7079362840426839,-0.379338853699569,
9,2.0,2.0,4.405038509157289,5.814588297103984,
6,1.0,2.0,1.0759498184962117,4.20874701615125,
9,2.0,2.0,1.9030631751919003,4.369761778221679,
7,2.0,0.0,4.056516803334759,-0.35386948946645225,
9,2.0,2.0,4.936772682955464,4.448524118929295,
9,2.0,2.0,1.849863248797789,2.2107348159803455,
9,2.0,2.0,2.9166783941227434,1.6562677492698779,
8,2.0,1.0,6.15516132114074,1.795618593503809,
7,2.0,0.0,3.0734599455800558,-2.3667460090457695,
9,2.0,2.0,2.7106264858596454,3.7632963526355745,
1,0.0,0.0,-2.121053317055745,0.674248881663625,
9,2.0,2.0,2.1679142963497027,3.646545854890065,
9,2.0,2.0,1.724735699011812,5.394975213230175,
9,2.0,2.0,2.9382283464187253,4.782733011389453,
3,0.0,2.0,-0.7094352849107479,2.7745754095842297,
3,0.0,2.0,-2.7272802133116443,2.206690580040873,
9,2.0,2.0,5.106682388469126,1.951648175950988,
3,0.0,2.0,0.9129938708968615,4.615748069280494,
9,2.0,2.0,4.472994465994816,2.570104158029488,
3,0.0,2.0,0.1509807160426715,4.115869957247786,
7,2.0,0.0,1.9003816041757495,-2.2058899685417037,
9,2.0,2.0,4.562696958754675,1.7805256260208724,
7,2.0,0.0,3.319463540257509,-0.4288611296889817,
7,2.0,0.0,0.954071175597142,1.0009220463596975,
9,2.0,2.0,2.724612238673867,5.274136908552142,
7,2.0,0.0,1.7292297688758478,0.7735229461945101,
9,2.0,2.0,2.545052605943554,1.790652493585417,
9,2.0,2.0,3.86802144298911,3.2687577656502294,
6,1.0,2.0,1.674199062048667,5.195143958026145,
1,0.0,0.0,-0.041518894378114624,-0.5924881293885309,
8,2.0,1.0,4.097694162079568,1.2895720615967208,
3,0.0,2.0,-0.6098213059190001,1.9665557611570277,
9,2.0,2.0,2.663213561847753,4.3243862437843905,
9,2.0,2.0,3.826968911467394,5.229000915986628,
9,2.0,2.0,4.165442846846926,4.34571873085309,
7,2.0,0.0,2.371402164944067,-0.2741447061906097,
6,1.0,2.0,2.2190200590233347,2.440210760375723,
9,2.0,2.0,2.3325417496597196,4.957423367904655,
7,2.0,0.0,2.096988854105637,0.7541715465073193,
8,2.0,1.0,5.178913624942668,1.727385284949072,
2,0.0,1.0,0.41587105983899386,0.9954593242708174,
1,0.0,0.0,-0.9839214318281968,0.1867064860205252,
9,2.0,2.0,7.663789316047494,2.4699284513198907,
8,2.0,1.0,2.01129556913695,1.4511183775367262,
7,2.0,0.0,2.8927835212566597,-0.48434777624732783,
3,0.0,2.0,0.4967937261474722,5.688177737902469,
9,2.0,2.0,3.4710931481613976,2.446552100578291,
7,2.0,0.0,1.182555107518138,-1.1008655420032847,
9,2.0,2.0,1.804269415015618,6.396011448136662,
8,2.0,1.0,5.570398318519904,1.202711888976284,
9,2.0,2.0,3.2372790617734024,5.499022172881979,
9,2.0,2.0,3.3631597248780185,7.188856457788199,
1,0.0,0.0,-0.9919799484394689,-0.2922911757535971,
3,0.0,2.0,-0.13990236097286468,2.316188503322377,
6,1.0,2.0,0.9372448995740488,3.2777013368782613,
9,2.0,2.0,3.5233690698940308,3.523129887200122,
6,1.0,2.0,1.2671023041677922,1.6807589904915115,
2,0.0,1.0,-0.3184495194341377,0.17080537177351007,
7,2.0,0.0,3.475041946707189,0.65780195649274,
9,2.0,2.0,2.424108010337231,2.273165171430598,
9,2.0,2.0,4.4080352765725515,1.6282092683224236,
9,2.0,2.0,3.53860437000262,2.7209915855057503,
9,2.0,2.0,2.259713866046062,2.5765990407143216,
9,2.0,2.0,2.406975728495774,5.164841122948868,
4,1.0,0.0,0.562496697755634,-1.0589436359517865,
9,2.0,2.0,3.522562151725918,4.36653700211192,
9,2.0,2.0,4.195084901647195,4.037007473608579,
9,2.0,2.0,3.1429242742966492,5.225424515650387,
8,2.0,1.0,3.151239299722153,3.745651627668338,
9,2.0,2.0,2.8642904548364094,5.557932356029693,
9,2.0,2.0,1.8133611980279019,3.5525011333505523,
3,0.0,2.0,0.4085365825981191,2.145739456830987,
9,2.0,2.0,4.091648270289972,2.23934943193498,
9,2.0,2.0,1.5361598221548227,5.701610231153463,
3,0.0,2.0,0.587655283584158,1.965282146859683,
3,0.0,2.0,-1.0735676666673073,2.5820980059835676,
9,2.0,2.0,2.2551272906107993,2.632788669531379,
9,2.0,2.0,4.565633809474163,4.358806295695711,
7,2.0,0.0,3.4384008758430653,0.5559724025839603,
9,2.0,2.0,1.838879032579639,1.9590871842839546,
2,0.0,1.0,-0.22493760413167774,0.5195330462312988,
3,0.0,2.0,-0.738035052522481,2.726909785763317,
9,2.0,2.0,2.366653647305061,2.4331362315406655,
9,2.0,2.0,6.858433123365541,2.297208143083608,
3,0.0,2.0,1.2497912556816344,1.2592105401151104,
3,0.0,2.0,0.9942432871769917,4.34292280027327,
8,2.0,1.0,1.515547312810104,1.2832099671988635,
9,2.0,2.0,3.568958583213151,4.789738241920507,
3,0.0,2.0,0.2959173489312743,3.1755709213273837,
3,0.0,2.0,-2.3621748086935836,5.067290723149273,
8,2.0,1.0,6.402082583330914,2.7203861798625897,
9,2.0,2.0,1.7843205207682284,4.659269135685231,
3,0.0,2.0,-1.8805504962045254,0.6813530816907549,
9,2.0,2.0,2.111458795493062,1.594884310814785,
3,0.0,2.0,0.9977255254975756,3.111903730451593,
8,2.0,1.0,1.9824435321852425,1.505792959316274,
9,2.0,2.0,1.7926074219362034,4.859986537004728,
9,2.0,2.0,6.05522885666696,1.9290795844455597,
7,2.0,0.0,7.271020765768487,1.693143174990428,
6,1.0,2.0,1.4418128043475817,3.221887595839301,
8,2.0,1.0,3.414425416686206,0.8763033196606378,
7,2.0,0.0,1.5780753707263848,0.9096605836473262,
3,0.0,2.0,0.597576609436006,2.836442666086124,
1,0.0,0.0,-0.0776249330259402,-0.9677149913202907,
7,2.0,0.0,4.742632387635905,1.09325485672536,
1,0.0,0.0,-1.287382238547738,0.29116111063768657,
9,2.0,2.0,1.779370701176392,3.91916022226862,
1,0.0,0.0,-1.0033641220061864,-1.104646547187114,
3,0.0,2.0,0.19787106767588547,2.0143243041829346,
9,2.0,2.0,4.273394222701367,1.3855930136597594,
3,0.0,2.0,0.46414304104962123,0.7759718671884264,
9,2.0,2.0,5.2475436226780054,2.632048299852441,
3,0.0,2.0,0.3281784655819482,2.1582089396134494,
9,2.0,2.0,2.0075735095390765,5.966479973599533,
3,0.0,2.0,0.46477642464407887,1.6185887998330237,
3,0.0,2.0,-0.013994125067887886,5.724769601517201,
4,1.0,0.0,0.16732334870381127,-0.02900109980388299,
9,2.0,2.0,2.5739920922615447,2.3413699792849436,
6,1.0,2.0,1.3052551197538782,2.126613089633933,
7,2.0,0.0,0.6410735442885056,-4.431878332685085,
9,2.0,2.0,4.600890049669381,4.410719691044578,
9,2.0,2.0,4.524623387081396,2.3210486947114273,
3,0.0,2.0,-0.8276710584621578,3.293962938208713,
7,2.0,0.0,1.0052988298368684,-4.571631327016067,
8,2.0,1.0,0.5465911125672787,1.8136014284204163,
2,0.0,1.0,-0.44443230961012326,0.3782827055559941,
3,0.0,2.0,-1.198252892964672,3.852864409925991,
1,0.0,0.0,-1.006233786869215,-0.4798546433578479,
6,1.0,2.0,-0.10761797955044328,1.7582206503976177,
3,0.0,2.0,-2.4827242904663223,2.4381285796670698,
3,0.0,2.0,-1.960302938721918,3.244371912548786,
3,0.0,2.0,-0.07572871882086929,4.320270880361008,
6,1.0,2.0,1.9441216530637246,3.1643036791145946,
7,2.0,0.0,3.4488583119703735,-0.12552918742717,
3,0.0,2.0,0.7613062250792966,1.2230010748761355,
9,2.0,2.0,3.8538562830814453,2.7385105565836154,
7,2.0,0.0,2.743222656088654,0.7736460570835719,
7,2.0,0.0,2.7432095016795874,0.6635390259360407,
3,0.0,2.0,-1.6975951006935115,3.8453027469637897,
3,0.0,2.0,1.1379966437845637,3.204383512278808,
3,0.0,2.0,0.011474175810493703,2.2068377293251933,
7,2.0,0.0,4.38181720813389,-1.8901758656012024,
3,0.0,2.0,0.6908434320891967,3.496126502117254,
6,1.0,2.0,1.5267589962019998,2.2925194621299148,
7,2.0,0.0,2.711536269961541,0.5231177641412008,
9,2.0,2.0,3.007865904270835,4.096593852285347,
8,2.0,1.0,2.0466591185940395,1.2347556706559604,
3,0.0,2.0,0.288132870264709,1.1277913247492977,
7,2.0,0.0,4.433249109512282,1.2521394358445663,
9,2.0,2.0,2.375762788755125,3.0797324312228924,
3,0.0,2.0,1.206794728732002,1.5976672767453757,
4,1.0,0.0,0.7656111307778264,-1.8178021740135613,
9,2.0,2.0,5.242562702174912,2.8186464443366215,
3,0.0,2.0,0.8280754847771661,1.5191836331996962,
9,2.0,2.0,4.5337291573469845,4.059867936241895,
9,2.0,2.0,3.964584932845168,4.912087920499317,
9,2.0,2.0,2.7162352710498556,1.7865188337629707,
8,2.0,1.0,3.2481580960212724,1.4156629061076373,
6,1.0,2.0,1.390020632174633,4.668301720118039,
3,0.0,2.0,0.09330544527427564,2.4761806516743414,
9,2.0,2.0,4.060771091213288,4.239495067822652,
6,1.0,2.0,1.2195394362596548,4.415084954866886,
9,2.0,2.0,4.667257832939409,2.3498308685671065,
7,2.0,0.0,1.9182697247280664,0.511847162281313,
4,1.0,0.0,0.3513328541805594,-1.0234365285762124,
3,0.0,2.0,-0.03982650881285554,3.0910994361235207,
3,0.0,2.0,0.2977891238646655,2.3838450835956007,
3,0.0,2.0,-0.3420021752256228,2.686500632134169,
9,2.0,2.0,2.3278764541773356,3.306228634037756,
9,2.0,2.0,2.4751827127699384,4.039242643399231,
7,2.0,0.0,1.9244392803924175,-0.041597936112387934,
3,0.0,2.0,0.08624419969134234,1.8969663608954128,
7,2.0,0.0,1.3848171698288003,-0.03267699864147611,
3,0.0,2.0,-0.38823447224142393,3.022453339388199,
4,1.0,0.0,0.523812419252863,0.08284405350984936,
8,2.0,1.0,3.3098379414508114,1.2217068846453845,
7,2.0,0.0,2.5853561457053735,0.42876209510053753,
6,1.0,2.0,1.5988129659919943,1.7830326159498828,
9,2.0,2.0,1.938998196286621,2.7572723448567373,
6,1.0,2.0,1.5484617260160864,5.003406253626467,
8,2.0,1.0,2.320179434902081,1.598984527937816,
9,2.0,2.0,3.124504299947281,2.8824473665028663,
7,2.0,0.0,2.068597712124242,0.38495172690636426,
7,2.0,0.0,3.3525675695654447,1.5075642000659375,
8,2.0,1.0,5.2402135849824125,1.5495365124782028,
3,0.0,2.0,1.0404248811565895,3.5580276292633517,
7,2.0,0.0,3.2930649183207876,0.5803283847652034,
9,2.0,2.0,4.189819211955977,2.5647365023344997,
1,0.0,0.0,-0.929789016351362,-1.2020938432965522,
9,2.0,2.0,2.2836080113365806,3.54326978024757,
2,0.0,1.0,0.2820228555360733,0.26530414915308964,
3,0.0,2.0,-2.409569986932241,1.6361348653766776,
7,2.0,0.0,2.019484097000502,0.8883789172914518,
9,2.0,2.0,2.4294350482450624,4.8093986892702425,
3,0.0,2.0,0.2518590945755024,2.8515446316693653,
6,1.0,2.0,1.9696617779059986,2.2537232222247106,
3,0.0,2.0,1.1198757592162458,4.647962153372219,
9,2.0,2.0,5.644460889060616,2.238377839156222,
6,1.0,2.0,1.0539204713211157,0.7988109693585039,
7,2.0,0.0,1.2785288408524442,0.25485906869747454,
9,2.0,2.0,5.928342974621966,2.5638821956510807,
1,0.0,0.0,-0.3994258864602709,-0.4052509027928224,
9,2.0,2.0,2.623029279600581,5.993306085279669,
7,2.0,0.0,2.4718722709386007,-0.7437708744672844,
9,2.0,2.0,6.38950472661914,2.6384477697401194,
3,0.0,2.0,-1.2081565948655104,2.3377150300478826,
7,2.0,0.0,5.355908112098823,0.09959365835162748,
9,2.0,2.0,3.2922227832996103,4.251038385642497,
3,0.0,2.0,-0.05363179232744564,3.2549740163197756,
3,0.0,2.0,-1.0669149512747111,5.661434516420547,
9,2.0,2.0,2.261984045375901,2.2256316139431194,
3,0.0,2.0,-0.5167195890466307,4.246971527636571,
3,0.0,2.0,0.8300258005117178,2.269757595395027,
4,1.0,0.0,0.9598296036616565,-0.5431959940500275,
9,2.0,2.0,3.9875884989077592,1.8054751321657683,
8,2.0,1.0,2.8123926343087957,1.4349360998132892,
3,0.0,2.0,-1.3781899655732874,5.036911038793434,
7,2.0,0.0,1.5645093889507837,-1.281621855644544,
3,0.0,2.0,-0.5558856159025649,3.1219955129348946,
3,0.0,2.0,-0.2606426165595215,2.212560471493053,
6,1.0,2.0,2.0403455283202754,4.48131790347851,
9,2.0,2.0,3.4088480434983266,7.150571991873296,
9,2.0,2.0,2.4011598739170976,4.755137437555675,
7,2.0,0.0,3.576703342264853,-1.2003542005678702,
8,2.0,1.0,3.8177797507412565,1.600355393034113,
9,2.0,2.0,2.3665067012044707,1.8750192518255746,
7,2.0,0.0,2.1904952336139543,-0.19901598607158366,
3,0.0,2.0,-1.8854872792266884,5.852392535784283,
8,2.0,1.0,1.776962249031245,1.406309991563488,
3,0.0,2.0,-2.487826516050144,4.35828482153271,
6,1.0,2.0,1.4723178206174339,2.5766196553586624,
3,0.0,2.0,-1.9978044078910102,1.8882125543805073,
3,0.0,2.0,-0.46855374893375457,1.6726081916629538,
8,2.0,1.0,4.178344103371405,1.5155529334707674,
9,2.0,2.0,4.018241103003774,3.7505951085635862,
9,2.0,2.0,2.0009489883113996,3.0706698836337587,
7,2.0,0.0,2.994648355466314,0.0659397525244867,
4,1.0,0.0,0.13081226328145013,-0.7008072919084971,
7,2.0,0.0,6.4771488675475295,-2.32553314673709,
7,2.0,0.0,4.505784311049128,-0.2709768264037402,
7,2.0,0.0,5.809902062033419,0.4142518441513947,
7,2.0,0.0,1.7332023701317716,0.6119343202964271,
7,2.0,0.0,1.5782597012868074,0.24054976714389054,
3,0.0,2.0,0.3274643699112423,1.229532894955729,
7,2.0,0.0,2.0739559186259697,-1.8923543658118804,
6,1.0,2.0,1.476444799881961,2.407697860640945,
7,2.0,0.0,4.426399511671473,-2.6135102174882423,
7,2.0,0.0,1.4573737492885859,1.1423006893483592,
7,2.0,0.0,3.6064858621327716,-0.398825975926564,
1,0.0,0.0,-2.263133738934269,-0.6324516816957644,
3,0.0,2.0,0.8779417161079797,3.6776338035438787,
7,2.0,0.0,2.3829337395360595,0.03620942683869077,
9,2.0,2.0,3.1978161133732614,4.822610725947397,
3,0.0,2.0,-1.6149993431233804,0.7588809156205751,
3,0.0,2.0,-0.6421400537048498,1.6841111489285334,
9,2.0,2.0,3.185302464248846,1.8563157492230262,
9,2.0,2.0,4.3208682933000055,3.1404667805794837,
7,2.0,0.0,2.3910402056480633,-1.2378640699350054,
9,2.0,2.0,1.7215278228222433,1.9661848275709006,
7,2.0,0.0,1.92312867664178,1.0509325617568763,
7,2.0,0.0,3.745859927449235,-0.21382996482661198,
1,0.0,0.0,0.5103070246669807,0.03042572279332334,
3,0.0,2.0,1.2242365914076847,3.318989074299491,
9,2.0,2.0,4.748347934783315,4.265839286451964,
9,2.0,2.0,5.441729971842513,4.562215307634343,
9,2.0,2.0,4.789594880130792,3.3308035632439967,
9,2.0,2.0,4.591687567804881,3.1921486167914432,
3,0.0,2.0,1.2801841977747004,1.7749057928189738,
7,2.0,0.0,2.857770226427505,-0.4490536767985769,
7,2.0,0.0,2.870476415674063,1.119487234794883,
9,2.0,2.0,4.538114633256795,2.776049588488519,
3,0.0,2.0,-0.3544684195084842,2.8229750007420864,
6,1.0,2.0,0.3551014943168158,2.081874464163538,
9,2.0,2.0,3.652007824867999,3.6507135736868386,
1,0.0,0.0,-1.4396454407732344,-0.9848999244459264,
9,2.0,2.0,3.899688476188539,5.208734215710314,
9,2.0,2.0,3.145937515577775,2.0171978848891907,
9,2.0,2.0,4.446810873718624,2.643889768941686,
3,0.0,2.0,-0.9428663705329576,1.2004015460947384,
2,0.0,1.0,1.1184658851230291,0.9713243460416319,
3,0.0,2.0,0.7654474281676775,3.1628273316499813,
3,0.0,2.0,0.8314402917465991,4.126309684269357,
7,2.0,0.0,3.2053057641856304,-0.03025564003344261,
9,2.0,2.0,2.409787405413087,2.897815260827859,
9,2.0,2.0,1.8497933269045657,2.4131810429029494,
9,2.0,2.0,2.6998056947468414,4.496538083997903,
2,0.0,1.0,0.0025043124720360854,1.839369258660475,
9,2.0,2.0,2.880703899684184,2.7729079936912067,
3,0.0,2.0,-0.2525073816823875,5.065063953187371,
9,2.0,2.0,4.579441569169882,2.376882039734114,
3,0.0,2.0,0.06708194012135471,3.6105323644664846,
9,2.0,2.0,2.263994280670694,6.430109532181066,
8,2.0,1.0,2.4408572758602856,0.8881195749856348,
3,0.0,2.0,0.11729221253805311,3.100623104995254,
3,0.0,2.0,-1.051138765391523,3.621784402166687,
9,2.0,2.0,3.718447803464308,1.478190855698127,
9,2.0,2.0,3.2814493860453426,3.0533007752109205,
7,2.0,0.0,3.863435783954523,0.4027388835379315,
9,2.0,2.0,4.434364844593032,3.0725805089925693,
2,0.0,1.0,0.05300974352454779,0.5779535757453067,
2,0.0,1.0,-1.590070477431572,0.7643235594408664,
9,2.0,2.0,3.427014804225636,2.622434749314189,
7,2.0,0.0,1.781877811462207,0.8698276198395887,
9,2.0,2.0,1.758262182516667,3.822107384837306,
7,2.0,0.0,1.952859742880353,1.2371823792407686,
8,2.0,1.0,5.184625612460933,1.4473604376805165,
3,0.0,2.0,0.4261953404443539,2.1564743288262695,
5,1.0,1.0,0.5990378983818054,1.071776901129517,
1,0.0,0.0,-0.2364516431558994,-1.859325549882171,
8,2.0,1.0,1.9492536642116849,1.80544805117492,
3,0.0,2.0,-0.7362431225861719,3.785739218483668,
7,2.0,0.0,0.7968762353242667,-2.20562935362073,
7,2.0,0.0,3.7326087215056116,0.9029565659839218,
8,2.0,1.0,6.496890300234981,1.7251491164488155,
9,2.0,2.0,4.666546019041807,4.611216958581573,
7,2.0,0.0,3.645045951106842,0.4727404863450899,
9,2.0,2.0,2.7889167840023785,3.919491511285787,
8,2.0,1.0,1.6456970934765083,1.115482688834775,
9,2.0,2.0,2.3132806580187006,2.976005363432442,
3,0.0,2.0,0.8784279589983233,3.7397780692682185,
7,2.0,0.0,1.8703903389239886,0.7211124940405638,
1,0.0,0.0,-1.2518389675232613,-1.776327572430028,
9,2.0,2.0,2.35086790077335,2.1474784904235102,
7,2.0,0.0,1.2359366947862562,-0.5997971044249719,
9,2.0,2.0,1.9546710120950344,4.496912927291408,
3,0.0,2.0,-0.8948910804547952,4.3312673406247235,
7,2.0,0.0,1.5081739279435724,0.2106151316826803,
9,2.0,2.0,2.087227159520155,3.0989097900057168,
3,0.0,2.0,0.593786345721018,2.6148027076925264,
7,2.0,0.0,1.7986397390533069,-0.563949016460112,
9,2.0,2.0,6.450584579645765,3.4442673909236685,
7,2.0,0.0,0.7422654323613895,0.12305163402490149,
9,2.0,2.0,2.9527044115252092,2.3760129454527688,
9,2.0,2.0,5.77214190641467,3.4549754650074087,
9,2.0,2.0,4.738603405701859,1.7091014857672704,
9,2.0,2.0,2.6616100667490956,2.860496989407231,
9,2.0,2.0,4.968914995483091,4.2124127846937025,
9,2.0,2.0,3.549086573519703,4.505644938876832,
7,2.0,0.0,1.5470358520572947,0.5618171762348143,
9,2.0,2.0,4.987383667722636,1.7658062406153725,
7,2.0,0.0,5.602260408610588,-0.09182658955618894,
1,0.0,0.0,-0.21450793099335375,-0.18599478438114803,
7,2.0,0.0,3.888862440221553,0.8957232836764997,
3,0.0,2.0,-0.6911646314399769,1.7933635381761486,
3,0.0,2.0,0.7412297386395659,4.883937783327649,
7,2.0,0.0,5.0279694625227265,0.6798614036421755,
3,0.0,2.0,-0.5106049544491156,5.123098241097553,
3,0.0,2.0,0.1910528549555397,1.3687476252796569,
7,2.0,0.0,2.4409909443772686,0.38770262988683957,
8,2.0,1.0,4.590150631988882,2.4302440932451024,
3,0.0,2.0,0.12491271411038829,3.1147312430791336,
3,0.0,2.0,1.077542881438823,6.0672565665614195,
7,2.0,0.0,4.076902216753099,0.8245597813148737,
9,2.0,2.0,4.266813882695551,3.3373046218245683,
3,0.0,2.0,-1.5726268835356487,2.6953776423610147,
8,2.0,1.0,2.209560502503195,1.8784231900488626,
7,2.0,0.0,3.6876920557871946,-0.3308097893366977,
7,2.0,0.0,3.1884469137278875,-1.651112510603821,
7,2.0,0.0,4.79494219405097,-1.5303091620256506,
1,0.0,0.0,-0.19709779084746692,0.13100507047271703,
7,2.0,0.0,3.9289854063339784,0.22628019666119714,
7,2.0,0.0,1.782024515524249,-0.6415413684113194,
7,2.0,0.0,1.8057549376298603,-0.027673901550081315,
7,2.0,0.0,3.1181391715027242,-1.7558917870248654,
9,2.0,2.0,2.0348609631332364,3.354696736945435,
9,2.0,2.0,4.398467411137157,2.679286234291138,
9,2.0,2.0,4.279549909728576,4.370316876270127,
7,2.0,0.0,1.43012873060395,0.6253754277285319,
4,1.0,0.0,0.6057587341590773,0.3602676827815463,
3,0.0,2.0,-0.5593572435616121,5.4141842815713925,
9,2.0,2.0,3.0243923502999146,5.552266683875933,
9,2.0,2.0,5.657329461770379,2.216144417879148,
3,0.0,2.0,-0.8236712732055773,1.566238391237031,
9,2.0,2.0,3.623798200098506,1.8768047179619711,
3,0.0,2.0,0.6271788558353526,1.4246018018139388,
7,2.0,0.0,3.4575462784189472,-0.4145855194795973,
7,2.0,0.0,3.2374867348098393,0.044551675996042484,
7,2.0,0.0,1.7620404539298398,-3.252995365195292,
9,2.0,2.0,4.3848254042035055,2.0704380060364516,
3,0.0,2.0,0.201288832982903,1.7889255555731973,
7,2.0,0.0,2.531966361988253,0.7734581258530073,
7,2.0,0.0,2.4145263014744702,-1.3054412927764956,
7,2.0,0.0,1.6435526480125473,0.41787061045029583,
7,2.0,0.0,1.6163474076011517,-0.0214304727152399,
7,2.0,0.0,1.1911849888455839,-0.7778899211007473,
6,1.0,2.0,2.4447622080189584,2.3006504024922934,
9,2.0,2.0,4.032592957979066,2.7051121957181916,
9,2.0,2.0,5.470920908528055,5.1750297693255805,
7,2.0,0.0,7.196479332144548,1.220809524502048,
9,2.0,2.0,2.814426880555346,3.021637270976634,
1,0.0,0.0,-0.6069845104920693,0.1431979185810035,
7,2.0,0.0,2.82844070919877,0.795350895611171,
9,2.0,2.0,2.134688443249948,3.0214683606610615,
6,1.0,2.0,0.9573819562562806,3.2086357372556455,
7,2.0,0.0,5.219504804482767,0.40974600559898877,
3,0.0,2.0,0.889809769981613,2.395033858447289,
9,2.0,2.0,2.320294745862769,2.031731989681727,
8,2.0,1.0,1.8499932324444686,1.422248661389852,
1,0.0,0.0,-0.23233240615230333,0.2124257049749625,
3,0.0,2.0,-1.8337140966984355,5.8023090966179,
9,2.0,2.0,2.8241195079161145,2.215152520502523,
9,2.0,2.0,1.9667108100392312,4.064560785890203,
9,2.0,2.0,3.951926811805076,3.65704922758134,
7,2.0,0.0,1.1807101029512999,0.18540641155102722,
8,2.0,1.0,2.7090476277933955,1.0827185142433027,
7,2.0,0.0,1.746637865398373,-1.70198301371334,
7,2.0,0.0,2.7180738172176695,0.7410208501293796,
8,2.0,1.0,3.157484208478426,1.1055571766468413,
7,2.0,0.0,3.2296861225942814,-1.0041975663887532,
7,2.0,0.0,1.4663317974226255,0.027742150511582464,
6,1.0,2.0,1.661190074532553,1.662226457391368,
6,1.0,2.0,1.8034909947069995,1.8193506786727012,
9,2.0,2.0,2.525362293295605,2.4978906953176243,
9,2.0,2.0,4.340825246927944,1.6476910852214623,
8,2.0,1.0,2.29566352933545,0.7076376936595594,
6,1.0,2.0,1.3284345992895479,4.335909626801179,
1,0.0,0.0,0.49023430236049625,-0.13678924170427598,
7,2.0,0.0,4.958217761896265,-0.5606716308750279,
7,2.0,0.0,2.713791738855254,0.5515959803071648,
9,2.0,2.0,3.0301578663256166,2.819711326188471,
9,2.0,2.0,3.8003052189598305,3.80838128131598,
1,0.0,0.0,-1.057350411946377,-0.3593035724750884,
7,2.0,0.0,1.8957685093774943,1.3211139918089327,
9,2.0,2.0,1.9777767392112797,4.1587704376233035,
3,0.0,2.0,-1.3145938659928147,4.547300517785386,
9,2.0,2.0,2.885262399954863,2.2451024813732547,
7,2.0,0.0,1.3053269451478422,-2.1578131015891246,
9,2.0,2.0,3.3827437096568387,3.7204907220918,
9,2.0,2.0,5.0413361813685125,3.441655414741416,
9,2.0,2.0,4.634646859437453,2.830869153304815,
3,0.0,2.0,-0.24022164003503743,0.7846560298237444,
6,1.0,2.0,1.501757151072449,5.553557177080776,
7,2.0,0.0,3.146119339490327,-0.1348929961035461,
3,0.0,2.0,-0.17023959016155032,5.516932334759666,
7,2.0,0.0,1.0700648628003786,0.5227210718439033,
9,2.0,2.0,2.1429068285999726,2.981482387044862,
8,2.0,1.0,4.4104144555846325,1.3036709082808335,
1,0.0,0.0,-0.22593989661545466,-0.35530184332278303,
2,0.0,1.0,-2.101539059063251,0.20061334333451786,
6,1.0,2.0,1.8034483489979194,3.597386758005144,
3,0.0,2.0,0.22170328112992466,3.033425798987844,
9,2.0,2.0,2.497978424822415,4.333404239107698,
3,0.0,2.0,-2.215869924215207,2.478170424736495,
8,2.0,1.0,2.143100149263468,1.726433182723461,
9,2.0,2.0,2.4710981483410794,2.114042983140538,
9,2.0,2.0,3.0169544903913303,3.433750619200621,
9,2.0,2.0,4.356529903977861,1.8486662009689379,
8,2.0,1.0,1.962866503115846,0.19341787020139445,
3,0.0,2.0,-0.49263984640388525,4.195787323221131,
9,2.0,2.0,6.141601087572176,2.0856359754024236,
9,2.0,2.0,2.8470481304635036,2.245741006848385,
7,2.0,0.0,3.8116889640983223,0.8308621439072024,
9,2.0,2.0,4.336895826711769,2.992557979314145,
1,0.0,0.0,-0.4400208360711364,-0.760728385160113,
9,2.0,2.0,3.9132193350117417,3.426964902397846,
5,1.0,1.0,1.2154621148653177,1.443349767024019,
3,0.0,2.0,0.22294653860764924,2.267420411573841,
7,2.0,0.0,2.753617985695814,-0.4619066776520957,
9,2.0,2.0,2.7635751009503515,2.971608436279625,
3,0.0,2.0,0.9255508850849625,1.9751442601044042,
6,1.0,2.0,1.3861818378319055,3.906156719380603,
3,0.0,2.0,1.0111772409823312,1.4367692237209098,
7,2.0,0.0,8.6892468020652,-0.2797336625445741,
8,2.0,1.0,7.130210382079281,1.2765549540463905,
3,0.0,2.0,0.8655925682793579,3.4884317514261705,
9,2.0,2.0,4.415912931293633,1.8890937166871966,
9,2.0,2.0,2.9053883104621914,3.1451858431921593,
3,0.0,2.0,1.0198067128980317,4.394534236782585,
9,2.0,2.0,4.163021522806414,1.5642330912175493,
7,2.0,0.0,3.9780403147826107,-0.6947277865947865,
6,1.0,2.0,1.676809284253006,4.269790989394679,
9,2.0,2.0,2.963648090916321,3.7102932374493047,
3,0.0,2.0,1.3851548168204109,2.020986216643776,
3,0.0,2.0,0.2625815897619119,1.2019081131770877,
8,2.0,1.0,2.5564656564038954,1.5353237504101496,
9,2.0,2.0,3.60280468219649,2.635137882584491,
8,2.0,1.0,6.421833475227711,1.5657023980792324,
6,1.0,2.0,1.4380829663454202,3.21908168076464,
